{"cameraMode":{"drawMode":0,"name":"Shaded","section":"Shading Mode"},"sceneLighting":true,"audioPlay":false,"sceneViewState":{"m_AlwaysRefresh":false,"showFog":true,"showSkybox":true,"showFlares":true,"showImageEffects":true,"showParticleSystems":true,"showVisualEffectGraphs":true,"m_FxEnabled":true},"in2DMode":false,"pivot":{"x":0.04093729332089424,"y":-0.5069363713264465,"z":3.496457815170288},"rotation":{"x":0.1250586360692978,"y":0.38107454776763918,"z":-0.052108172327280048,"w":0.9145662784576416},"size":0.8272624015808106,"orthographic":true}