{"cameraMode":{"drawMode":0,"name":"Shaded","section":"Shading Mode"},"sceneLighting":false,"audioPlay":false,"sceneViewState":{"m_AlwaysRefresh":false,"showFog":true,"showSkybox":false,"showFlares":true,"showImageEffects":true,"showParticleSystems":true,"showVisualEffectGraphs":true,"m_FxEnabled":true},"in2DMode":false,"pivot":{"x":-0.004466652870178223,"y":-0.007012426853179932,"z":0.0029739737510681154},"rotation":{"x":0.1250586360692978,"y":0.38107454776763918,"z":-0.052108172327280048,"w":0.9145662784576416},"size":1.165645718574524,"orthographic":true}